rne;url
0311573S;https://jean-paul-laurens.ecollege.haute-garonne.fr/
0310001H;https://armand-latour.ecollege.haute-garonne.fr/
0311632F;https://violettes.ecollege.haute-garonne.fr/
0310003K;https://emile-paul-vayssie.ecollege.haute-garonne.fr/
0312729Y;https://germaine-tillion.ecollege.haute-garonne.fr/
0310084Y;https://antonin-perbosc.ecollege.haute-garonne.fr/
0311330C;https://jean-rostand.ecollege.haute-garonne.fr/
0312799Z;https://adrienne-bolland.ecollege.haute-garonne.fr/
0311237B;https://henri-guillaumet.ecollege.haute-garonne.fr/
0311581A;https://jean-mermoz.ecollege.haute-garonne.fr/
0310007P;https://charles-suran.ecollege.haute-garonne.fr/
0310008R;https://joseph-rey.ecollege.haute-garonne.fr/
0311690U;https://francois-mitterrand.ecollege.haute-garonne.fr/
0311580Z;https://andre-abbal.ecollege.haute-garonne.fr/
0311266H;https://jean-jaures-castanet.ecollege.haute-garonne.fr/
0311720B;https://jacques-maure.ecollege.haute-garonne.fr/
0310012V;https://plantaurel.ecollege.haute-garonne.fr/
0311238C;https://jean-jaures.ecollege.haute-garonne.fr/
0311687R;https://leon-blum.ecollege.haute-garonne.fr/
0311325X;https://voltaire.ecollege.haute-garonne.fr/
0311093V;https://montesquieu.ecollege.haute-garonne.fr/
0312423R;https://francois-mitterrand-fenouillet.ecollege.haute-garonne.fr/
0312338Y;https://cantelauze.ecollege.haute-garonne.fr/
0312743N;https://irene-joliot-curie.ecollege.haute-garonne.fr/
0311721C;https://alain-savary.ecollege.haute-garonne.fr/
0311915N;https://pablo-picasso.ecollege.haute-garonne.fr/
0312478A;https://claude-cornac.ecollege.haute-garonne.fr/
0311769E;https://grand-selve.ecollege.haute-garonne.fr/
0312612W;https://galilee.ecollege.haute-garonne.fr/
0312843X;https://pierre-mendes-france.ecollege.haute-garonne.fr/
0312139G;https://camille-claudel.ecollege.haute-garonne.fr/
0310015Y;https://pierre-marie-curie.ecollege.haute-garonne.fr/
0312337X;https://forain-francois-verdier.ecollege.haute-garonne.fr/
0312697N;https://flora-tristan.ecollege.haute-garonne.fr/
0310019C;https://leon-cazeneuve.ecollege.haute-garonne.fr/
0311094W;https://georges-chaumeton.ecollege.haute-garonne.fr/
0310021E;https://georges-brassens.ecollege.haute-garonne.fr/
0310022F;https://stella-blandy.ecollege.haute-garonne.fr/
0312698P;https://paul-cezanne.ecollege.haute-garonne.fr/
0310023G;https://bertrand-laralde.ecollege.haute-garonne.fr/
0310025J;https://betance.ecollege.haute-garonne.fr/
0311319R;https://louisa-paulin.ecollege.haute-garonne.fr/
0312699R;https://condorcet.ecollege.haute-garonne.fr/
0312868Z;https://nelson-mandela.ecollege.haute-garonne.fr/
0312700S;https://jean-dieuzaide.ecollege.haute-garonne.fr/
0311263E;https://bois-de-la-barthe.ecollege.haute-garonne.fr/
0312220V;https://daniel-sorano.ecollege.haute-garonne.fr/
0312071H;https://jules-verne.ecollege.haute-garonne.fr/
0311686P;https://jules-valles.ecollege.haute-garonne.fr/
0312762J;https://elisabeth-badinter.ecollege.haute-garonne.fr/
0311633G;https://andre-malraux.ecollege.haute-garonne.fr/
0310029N;https://robert-roger.ecollege.haute-garonne.fr/
0310035V;https://trois-vallees.ecollege.haute-garonne.fr/
0311772H;https://leo-ferre.ecollege.haute-garonne.fr/
0310031R;https://francois-cazes.ecollege.haute-garonne.fr/
0310083X;https://didier-daurat.ecollege.haute-garonne.fr/
0311851U;https://leclerc.ecollege.haute-garonne.fr/
0311722D;https://romain-rolland.ecollege.haute-garonne.fr/
0312842W;https://simone-veil.ecollege.haute-garonne.fr/
0311850T;https://jacques-prevert.ecollege.haute-garonne.fr/
0312140H;https://rene-cassin.ecollege.haute-garonne.fr/
0312609T;https://les-roussillous.ecollege.haute-garonne.fr/
0311327Z;https://lamartine.ecollege.haute-garonne.fr/
0311327Z_2;https://lamartine.ecollege.haute-garonne.fr/
0311332E;https://anatole-france.ecollege.haute-garonne.fr/
0311235Z;https://bellefontaine.ecollege.haute-garonne.fr/
0310092G;https://bellevue.ecollege.haute-garonne.fr/
0311232W;https://claude-nougaro.ecollege.haute-garonne.fr/
0310037X;https://clemence-isaure.ecollege.haute-garonne.fr/
0311338L;https://emile-zola.ecollege.haute-garonne.fr/
0310086A;https://george-sand.ecollege.haute-garonne.fr/
0311111P;https://hubertine-auclert.ecollege.haute-garonne.fr/
0311333F;https://jean-moulin.ecollege.haute-garonne.fr/
0310085Z;https://jean-pierre-vernant.ecollege.haute-garonne.fr/
0311264F;https://jolimont.ecollege.haute-garonne.fr/
0311328A;https://les-chalets.ecollege.haute-garonne.fr/
0310093H;https://marcelin-berthelot.ecollege.haute-garonne.fr/
0311584D;https://marengo.ecollege.haute-garonne.fr/
0311231V;https://maurice-becanne.ecollege.haute-garonne.fr/
0311631E;https://michelet.ecollege.haute-garonne.fr/
0311631E_2;https://michelet.ecollege.haute-garonne.fr/
0311718Z;https://nicolas-vauquelin.ecollege.haute-garonne.fr/
0311236A;https://pierre-de-fermat.ecollege.haute-garonne.fr/
0311582B;https://ponts-jumeaux.ecollege.haute-garonne.fr/
0311321T;https://raymond-badiou.ecollege.haute-garonne.fr/
0311265G;https://rosa-parks.ecollege.haute-garonne.fr/
0311630D;https://stendhal.ecollege.haute-garonne.fr/
0311112R;https://lautrec.ecollege.haute-garonne.fr/
0312307P;https://leonard-de-vinci.ecollege.haute-garonne.fr/
0311688S;https://pierre-labitrie.ecollege.haute-garonne.fr/
0311335H;https://jean-gay.ecollege.haute-garonne.fr/
0312610U;https://marcel-doret.ecollege.haute-garonne.fr/
0311634H;https://jules-ferry.ecollege.haute-garonne.fr/
0311689T;https://albert-camus.ecollege.haute-garonne.fr/
0312611V;https://jacqueline-auriol.ecollege.haute-garonne.fr/
0310000A;https://pierre-labitrie.ecollege.haute-garonne.fr/
0310000Z;https://pierre-labitrie.ecollege.haute-garonne.fr/
0313010D;https://escalquens.ecollege.haute-garonne.fr/
0313045S;https://cintegabelle.ecollege.haute-garonne.fr/
0313080E;https://saint-simon.ecollege.haute-garonne.fr/